id,name,email
1,Eden Morriarty,emorriarty0@illinois.edu
2,Udall Wolfindale,uwolfindale1@dailymail.co.uk
3,Muire Duddell,mduddell2@census.gov
4,Homerus Overal,hoveral3@163.com
5,Alisun Whimper,awhimper4@scribd.com
6,Saundra Harm,sharm5@typepad.com
7,Darlene Pavlishchev,dpavlishchev6@cdbaby.com
8,Hunter Elloy,helloy7@delicious.com
9,Delano Mulligan,dmulligan8@redcross.org
10,Ravid Fuggle,rfuggle9@pen.io
11,Lee Raffeorty,lraffeortya@columbia.edu
12,Fredra Maytum,fmaytumb@multiply.com
13,Phillipe Wear,pwearc@friendfeed.com
14,Lynett Lanfranchi,llanfranchid@goodreads.com
15,Barr Whitebread,bwhitebreade@si.edu
16,Nancie Viant,nviantf@goo.gl
17,Erinna McLeish,emcleishg@pen.io
18,Susanna Dain,sdainh@pcworld.com
19,Collette Gravenell,cgravenelli@princeton.edu
20,Rhody Hakewell,rhakewellj@pbs.org
21,Madelon Durrett,mdurrettk@google.nl
22,Taffy Dunsmuir,tdunsmuirl@newyorker.com
23,Claudia Arons,caronsm@redcross.org
24,Sena Askham,saskhamn@usatoday.com
25,Duffie Goforth,dgofortho@joomla.org
26,Hayley Satteford,hsattefordp@cam.ac.uk
27,Irving Leil,ileilq@miibeian.gov.cn
28,Renee Hylton,rhyltonr@surveymonkey.com
29,Alex Rainer,arainers@sciencedaily.com
30,Hailey Trevear,htreveart@ft.com
31,Renate Rawes,rrawesu@cmu.edu
32,Darcy Bagnall,dbagnallv@digg.com
33,Joyce Feldheim,jfeldheimw@drupal.org
34,Netta Earry,nearryx@creativecommons.org
35,Elaina Tzarkov,etzarkovy@typepad.com
36,Marten Weavers,mweaversz@elpais.com
37,Elden Ameer-Beg,eameerbeg10@cdbaby.com
38,Christean Heazel,cheazel11@fastcompany.com
39,Sybil Philip,sphilip12@gnu.org
40,Tomlin Berfoot,tberfoot13@dmoz.org
41,Alidia Roddell,aroddell14@wikipedia.org
42,Con Trahearn,ctrahearn15@bloglines.com
43,Rowland Craft,rcraft16@jimdo.com
44,Fredric Lechmere,flechmere17@upenn.edu
45,Markus Lermouth,mlermouth18@usnews.com
46,Karyn Lightning,klightning19@godaddy.com
47,Nikolia Rouke,nrouke1a@mozilla.org
48,Elonore Hendriks,ehendriks1b@tuttocitta.it
49,Dwain Streets,dstreets1c@goodreads.com
50,Courtnay Pichan,cpichan1d@vimeo.com
51,Gipsy Rigg,grigg1e@reddit.com
52,Karisa Dekeyser,kdekeyser1f@gnu.org
53,Morlee Marden,mmarden1g@facebook.com
54,Jareb Ryle,jryle1h@ezinearticles.com
55,Danica De Biasio,dde1i@phpbb.com
56,Andeee Woolmington,awoolmington1j@digg.com
57,Judith Stainton,jstainton1k@cpanel.net
58,Dory Grahlmans,dgrahlmans1l@homestead.com
59,Fonsie Jouhandeau,fjouhandeau1m@google.ru
60,Evelin Revens,erevens1n@biblegateway.com
61,Kathleen Campos,kcampos1o@51.la
62,Leanora Cheesley,lcheesley1p@odnoklassniki.ru
63,Mordy Clendennen,mclendennen1q@bing.com
64,Sharleen Kirby,skirby1r@indiegogo.com
65,Shawn Vreiberg,svreiberg1s@virginia.edu
66,Jourdain Cromett,jcromett1t@microsoft.com
67,Evanne Domesday,edomesday1u@linkedin.com
68,Huntley Orange,horange1v@cloudflare.com
69,Celka Lighton,clighton1w@gizmodo.com
70,Valeda Osselton,vosselton1x@gmpg.org
71,Berty Sellers,bsellers1y@comcast.net
72,Alick Killingworth,akillingworth1z@hugedomains.com
73,Farley Jaume,fjaume20@cnet.com
74,Stella Cristoforetti,scristoforetti21@imageshack.us
75,Gabriel Morefield,gmorefield22@example.com
76,Bowie Comusso,bcomusso23@so-net.ne.jp
77,Fredric Kirkness,fkirkness24@gov.uk
78,Margette Ivimy,mivimy25@marketwatch.com
79,Henry Hinckes,hhinckes26@liveinternet.ru
80,Bernie Klee,bklee27@1und1.de
81,Fernande Shillaber,fshillaber28@tripadvisor.com
82,Asa Batchelor,abatchelor29@theatlantic.com
83,L;urette Crielly,lcrielly2a@wikimedia.org
84,Trenna Capron,tcapron2b@soup.io
85,Chiarra Bridgewood,cbridgewood2c@arizona.edu
86,York Nannoni,ynannoni2d@phpbb.com
87,Florance Ambresin,fambresin2e@behance.net
88,Gae Fairfoot,gfairfoot2f@google.com.hk
89,Arlee Regenhardt,aregenhardt2g@ocn.ne.jp
90,Rowen Mateja,rmateja2h@bravesites.com
91,Jenifer Marmyon,jmarmyon2i@dailymail.co.uk
92,Obie Ockenden,oockenden2j@walmart.com
93,Lyman Ferroni,lferroni2k@redcross.org
94,Sig Camilio,scamilio2l@e-recht24.de
95,Estel Olyunin,eolyunin2m@homestead.com
96,Merrick Heffer,mheffer2n@cisco.com
97,Brett Exroll,bexroll2o@hhs.gov
98,Federica Lynn,flynn2p@mac.com
99,Austine Ivachyov,aivachyov2q@fema.gov
100,Alec Greenland,agreenland2r@freewebs.com
101,Sebastien Glasper,sglasper2s@ftc.gov
102,Emmaline Cockett,ecockett2t@hhs.gov
103,Paola Sutherden,psutherden2u@google.nl
104,Vonnie Doidge,vdoidge2v@wix.com
105,Melisandra Feldmesser,mfeldmesser2w@stanford.edu
106,Iago Allsup,iallsup2x@slashdot.org
107,Frazier Linnitt,flinnitt2y@hugedomains.com
108,Alaine Andres,aandres2z@mediafire.com
109,Othella Maude,omaude30@wikispaces.com
110,Abbot Bauckham,abauckham31@cocolog-nifty.com
111,Johna Goncalo,jgoncalo32@washingtonpost.com
112,Normand Aisman,naisman33@usgs.gov
113,Randene Antuk,rantuk34@usgs.gov
114,Raimondo Leeuwerink,rleeuwerink35@blogger.com
115,Sidney Sprason,ssprason36@dedecms.com
116,Neale Camplen,ncamplen37@engadget.com
117,Noach Ricoald,nricoald38@photobucket.com
118,Ray MacCole,rmaccole39@usnews.com
119,Nydia Kisar,nkisar3a@paypal.com
120,Toinette Code,tcode3b@geocities.com
121,Lacey Mobley,lmobley3c@squidoo.com
122,Amory Raft,araft3d@addthis.com
123,Morie Cowie,mcowie3e@ft.com
124,Marsha Horrigan,mhorrigan3f@vkontakte.ru
125,Cahra Aish,caish3g@topsy.com
126,Abby Stoker,astoker3h@princeton.edu
127,Matthus Fennelow,mfennelow3i@vimeo.com
128,Emogene Pullan,epullan3j@state.tx.us
129,Barclay Yushkov,byushkov3k@mozilla.com
130,Wilmar Callister,wcallister3l@answers.com
131,Hercule Dorow,hdorow3m@biblegateway.com
132,Maryjo Milkeham,mmilkeham3n@sphinn.com
133,Jennie Sanchez,jsanchez3o@indiatimes.com
134,Raddie Tilbury,rtilbury3p@si.edu
135,Lu Zarfat,lzarfat3q@soup.io
136,Darell Thomason,dthomason3r@blogtalkradio.com
137,Marketa Murkitt,mmurkitt3s@surveymonkey.com
138,Tyne Cuttell,tcuttell3t@slate.com
139,Willdon Chaucer,wchaucer3u@wunderground.com
140,Maryellen McKall,mmckall3v@ovh.net
141,Tory Gales,tgales3w@uiuc.edu
142,Rhodia Snodden,rsnodden3x@paypal.com
143,Addie Hedden,ahedden3y@nydailynews.com
144,Connor Pays,cpays3z@unblog.fr
145,Mallissa Brill,mbrill40@house.gov
146,Deane Capelle,dcapelle41@mtv.com
147,Bronson Orange,borange42@livejournal.com
148,Emory Kestian,ekestian43@patch.com
149,Jed Lumly,jlumly44@dot.gov
150,Louisette Pitkethly,lpitkethly45@mysql.com
151,Raviv Bellward,rbellward46@surveymonkey.com
152,Margy Jiggle,mjiggle47@flickr.com
153,Cassandre Fratson,cfratson48@desdev.cn
154,Vickie Polino,vpolino49@wsj.com
155,Kimmi Croisier,kcroisier4a@a8.net
156,Donelle Tomasicchio,dtomasicchio4b@paypal.com
157,Shaine Ojeda,sojeda4c@disqus.com
158,Gabie Woodhouse,gwoodhouse4d@scientificamerican.com
159,Ted Davidovits,tdavidovits4e@github.com
160,Hyatt Bridat,hbridat4f@istockphoto.com
161,Lucretia Cloney,lcloney4g@ow.ly
162,Phineas Fontin,pfontin4h@yelp.com
163,Ingunna Mollen,imollen4i@theguardian.com
164,Levon Craddy,lcraddy4j@cnbc.com
165,Tabbi Doughton,tdoughton4k@intel.com
166,Arlene Murdy,amurdy4l@answers.com
167,Clayton Enrrico,cenrrico4m@java.com
168,Arielle Brattell,abrattell4n@sciencedaily.com
169,Valerye Shanahan,vshanahan4o@army.mil
170,Henrieta Lewnden,hlewnden4p@google.es
171,Kiley Wagge,kwagge4q@nifty.com
172,Patricio Spuner,pspuner4r@photobucket.com
173,Daniella Welbelove,dwelbelove4s@smugmug.com
174,Judi Orts,jorts4t@dailymotion.com
175,Thatch Swedeland,tswedeland4u@nytimes.com
176,Clare Hargrave,chargrave4v@sfgate.com
177,Der Di Francecshi,ddi4w@sbwire.com
178,Wylma Rudgard,wrudgard4x@narod.ru
179,Lucy Vanyukov,lvanyukov4y@unc.edu
180,Britney Dallimore,bdallimore4z@ebay.co.uk
181,Randi Pawley,rpawley50@reddit.com
182,Maryrose Gosnall,mgosnall51@ihg.com
183,Gigi Hanbury-Brown,ghanburybrown52@lulu.com
184,Kelli Enefer,kenefer53@tinyurl.com
185,Tanney Dedam,tdedam54@drupal.org
186,Tobit Hawkeswood,thawkeswood55@dailymail.co.uk
187,Amberly Yerlett,ayerlett56@tumblr.com
188,Verine Espinet,vespinet57@wisc.edu
189,Currie Peltzer,cpeltzer58@rakuten.co.jp
190,Adelind Mabey,amabey59@cpanel.net
191,Almeda Stickney,astickney5a@washingtonpost.com
192,Barbaraanne Smyth,bsmyth5b@zdnet.com
193,Cletus Swalwel,cswalwel5c@mozilla.org
194,Huntlee O'Farris,hofarris5d@mysql.com
195,Tann Casone,tcasone5e@un.org
196,Tally Piatto,tpiatto5f@mapy.cz
197,Celinka Cleft,ccleft5g@skyrock.com
198,Anna-maria Happel,ahappel5h@google.co.jp
199,Tiphani Bland,tbland5i@oakley.com
200,Finley Schrei,fschrei5j@upenn.edu
201,Patsy Swift,pswift5k@hhs.gov
202,Agace Stove,astove5l@cafepress.com
203,Maximo Dearlove,mdearlove5m@altervista.org
204,Haskell Portchmouth,hportchmouth5n@ycombinator.com
205,Malinda Leverington,mleverington5o@zdnet.com
206,Willi Downage,wdownage5p@ft.com
207,Una Storah,ustorah5q@nydailynews.com
208,Rodi Treleven,rtreleven5r@woothemes.com
209,Rosabel Mullaney,rmullaney5s@kickstarter.com
210,Kahaleel Laetham,klaetham5t@clickbank.net
211,Happy Dumbleton,hdumbleton5u@soup.io
212,Sabrina Agett,sagett5v@symantec.com
213,Richie Molines,rmolines5w@pcworld.com
214,Roarke Ferro,rferro5x@yahoo.co.jp
215,Andras Morais,amorais5y@princeton.edu
216,Rosene Keepin,rkeepin5z@mapquest.com
217,Jen Birtwell,jbirtwell60@arstechnica.com
218,Ahmad Scritch,ascritch61@youtube.com
219,Mireielle Garton,mgarton62@google.it
220,Abigale Rilston,arilston63@thetimes.co.uk
221,Garwin Eam,geam64@oakley.com
222,Thomasine Overill,toverill65@lulu.com
223,Stacia Boorer,sboorer66@github.com
224,Conchita Slinger,cslinger67@google.pl
225,Laurens Fisby,lfisby68@thetimes.co.uk
226,Clarine Blake,cblake69@newyorker.com
227,Modestia Farnan,mfarnan6a@qq.com
228,Lenette Saberton,lsaberton6b@ted.com
229,Hallie Bednall,hbednall6c@yellowbook.com
230,Pembroke Murie,pmurie6d@yellowbook.com
231,Brewster Alcott,balcott6e@java.com
232,Quent Beddie,qbeddie6f@addthis.com
233,Chilton Eustis,ceustis6g@npr.org
234,Martin Brundill,mbrundill6h@seesaa.net
235,Gran Beynon,gbeynon6i@engadget.com
236,Ariana Riste,ariste6j@walmart.com
237,Abeu Partington,apartington6k@usatoday.com
238,Leigh Silverman,lsilverman6l@usda.gov
239,Stu Patershall,spatershall6m@typepad.com
240,Bale Morriarty,bmorriarty6n@lycos.com
241,Hillier Heffer,hheffer6o@mediafire.com
242,Hyman Tegeller,htegeller6p@columbia.edu
243,Ronda Jordi,rjordi6q@usatoday.com
244,Anderea Patnelli,apatnelli6r@gizmodo.com
245,Stacy Bowkley,sbowkley6s@hhs.gov
246,Mariel Rearie,mrearie6t@yellowbook.com
247,Cello Whieldon,cwhieldon6u@opera.com
248,Jeramey Camble,jcamble6v@cbsnews.com
249,Codie Harbard,charbard6w@t-online.de
250,Ira Algate,ialgate6x@blogs.com
251,Adi Stefanovic,astefanovic6y@tinyurl.com
252,Remus Dalley,rdalley6z@fc2.com
253,Tybi Anyon,tanyon70@about.me
254,Moss McGrouther,mmcgrouther71@illinois.edu
255,Dicky Snaith,dsnaith72@samsung.com
256,Beverley Charpin,bcharpin73@ibm.com
257,Robbyn Chittleburgh,rchittleburgh74@adobe.com
258,Aeriela Frossell,afrossell75@house.gov
259,Jasmina McLevie,jmclevie76@ocn.ne.jp
260,Dari Goneau,dgoneau77@wikispaces.com
261,Frederic Harget,fharget78@mediafire.com
262,Nolly Stagge,nstagge79@shop-pro.jp
263,Rhodia Andell,randell7a@plala.or.jp
264,Gwendolen Bannon,gbannon7b@odnoklassniki.ru
265,Cristal Corkhill,ccorkhill7c@theguardian.com
266,Temple Goldberg,tgoldberg7d@exblog.jp
267,Nicola Coppledike,ncoppledike7e@sohu.com
268,Reta Stradling,rstradling7f@un.org
269,Corabella Stegel,cstegel7g@123-reg.co.uk
270,Jules Barthrop,jbarthrop7h@theatlantic.com
271,Roi Haton,rhaton7i@hugedomains.com
272,Livia Birckmann,lbirckmann7j@wufoo.com
273,Aguste Bottomer,abottomer7k@tripod.com
274,Erena Patnelli,epatnelli7l@google.co.jp
275,Cheri Bithell,cbithell7m@free.fr
276,Johnny Coch,jcoch7n@dell.com
277,Ike Kite,ikite7o@cdbaby.com
278,Fonsie Ableson,fableson7p@bizjournals.com
279,Celinda Alfonsetto,calfonsetto7q@privacy.gov.au
280,Kylie Grevile,kgrevile7r@elpais.com
281,Oriana Lead,olead7s@icq.com
282,Ernest Huws,ehuws7t@epa.gov
283,Cathrin Allard,callard7u@phpbb.com
284,Bobbette Stolz,bstolz7v@narod.ru
285,Camellia Bartkiewicz,cbartkiewicz7w@tripadvisor.com
286,Rayshell Gyrgorwicx,rgyrgorwicx7x@ucla.edu
287,Bridget Mayston,bmayston7y@wunderground.com
288,Constanta Novic,cnovic7z@themeforest.net
289,Joycelin Merrgan,jmerrgan80@miibeian.gov.cn
290,Tammi D'Cruze,tdcruze81@ezinearticles.com
291,Pauli Hazlegrove,phazlegrove82@theatlantic.com
292,Spenser Brudenell,sbrudenell83@qq.com
293,Bear Kummerlowe,bkummerlowe84@jalbum.net
294,Bennie Bloxholm,bbloxholm85@google.co.uk
295,Ketty Allsep,kallsep86@wikia.com
296,Kermy Laborda,klaborda87@studiopress.com
297,Carlie Ketteringham,cketteringham88@upenn.edu
298,Nickola Meedendorpe,nmeedendorpe89@123-reg.co.uk
299,Guilbert Lendon,glendon8a@yandex.ru
300,Ephrayim Bulled,ebulled8b@miitbeian.gov.cn
301,Tobie Nyssens,tnyssens8c@ning.com
302,Shalom Newton,snewton8d@tmall.com
303,Sarene Meininking,smeininking8e@census.gov
304,Bonnibelle Soane,bsoane8f@oracle.com
305,Elysia Merington,emerington8g@amazon.co.uk
306,Melesa Peagrim,mpeagrim8h@cbc.ca
307,Leslie Vennart,lvennart8i@youtu.be
308,Dode Spohr,dspohr8j@eventbrite.com
309,Talya Dysert,tdysert8k@ovh.net
310,Sally Hebblewaite,shebblewaite8l@google.cn
311,Paulita Giovanni,pgiovanni8m@yelp.com
312,Bethanne Vasilischev,bvasilischev8n@google.co.jp
313,Rasla Junkin,rjunkin8o@godaddy.com
314,Cass Gyrgorwicx,cgyrgorwicx8p@cnbc.com
315,Kingston Galliford,kgalliford8q@nps.gov
316,Julee Gee,jgee8r@flickr.com
317,Roseline Eads,reads8s@newsvine.com
318,Thorny Zupo,tzupo8t@altervista.org
319,Alisha Pimerick,apimerick8u@tripod.com
320,Ahmad Ridewood,aridewood8v@myspace.com
321,Adan Charnock,acharnock8w@scribd.com
322,Gaston Crudgington,gcrudgington8x@umich.edu
323,Stacie Gerasch,sgerasch8y@sphinn.com
324,Sophronia Imms,simms8z@ning.com
325,Julieta Carlino,jcarlino90@fda.gov
326,Maitilde Kalinsky,mkalinsky91@dion.ne.jp
327,Lea Brewett,lbrewett92@t-online.de
328,Romy Middlemiss,rmiddlemiss93@trellian.com
329,Armstrong Kissack,akissack94@godaddy.com
330,Wesley Oboy,woboy95@bizjournals.com
331,Daisey Charrette,dcharrette96@xrea.com
332,Faythe Lemmer,flemmer97@unblog.fr
333,Guillaume Badam,gbadam98@usgs.gov
334,Cari Priestner,cpriestner99@nyu.edu
335,Norrie Challen,nchallen9a@cargocollective.com
336,Adi Aleksidze,aaleksidze9b@mlb.com
337,Antonella Wisby,awisby9c@ehow.com
338,Verne Yerlett,vyerlett9d@psu.edu
339,Horten Goter,hgoter9e@va.gov
340,Halsey Rowntree,hrowntree9f@ovh.net
341,Hernando Rodenhurst,hrodenhurst9g@blogs.com
342,Ranna Ross,rross9h@1688.com
343,Beitris Rought,brought9i@last.fm
344,Reg Kremer,rkremer9j@state.tx.us
345,Cully Clitheroe,cclitheroe9k@merriam-webster.com
346,Samuel O'Kuddyhy,sokuddyhy9l@telegraph.co.uk
347,Jo-ann Durnin,jdurnin9m@nih.gov
348,Trever Maggi,tmaggi9n@newsvine.com
349,Mabelle Pulfer,mpulfer9o@printfriendly.com
350,Cob Pallant,cpallant9p@baidu.com
351,Codie Filde,cfilde9q@ameblo.jp
352,Sonnie Walshe,swalshe9r@nifty.com
353,Berget Artist,bartist9s@ycombinator.com
354,Pip MacNeice,pmacneice9t@mtv.com
355,Cathi Hawkeridge,chawkeridge9u@spiegel.de
356,Hamlin Duggleby,hduggleby9v@redcross.org
357,Cacilie Farady,cfarady9w@youku.com
358,Olga Barton,obarton9x@mysql.com
359,Daphene Szepe,dszepe9y@t.co
360,Phedra Villar,pvillar9z@addtoany.com
361,Lorene Timperley,ltimperleya0@istockphoto.com
362,Saleem Gamlin,sgamlina1@godaddy.com
363,Manolo Bachshell,mbachshella2@amazon.com
364,Ettie Coleby,ecolebya3@odnoklassniki.ru
365,Gasper Ollcott,gollcotta4@opensource.org
366,Harriott Quibell,hquibella5@paginegialle.it
367,Gaultiero Smyth,gsmytha6@miibeian.gov.cn
368,Orrin Chubb,ochubba7@time.com
369,Paulie Ivashin,pivashina8@tuttocitta.it
370,Sigismondo Conre,sconrea9@adobe.com
371,Westbrooke Karpushkin,wkarpushkinaa@cnn.com
372,Boy Longfellow,blongfellowab@people.com.cn
373,Candi Trott,ctrottac@slashdot.org
374,Melba Whitloe,mwhitloead@elpais.com
375,Perceval Northen,pnorthenae@constantcontact.com
376,Tanner Borrott,tborrottaf@nhs.uk
377,Rebbecca Houdmont,rhoudmontag@example.com
378,Sonja Camacho,scamachoah@nih.gov
379,Ferd Rydzynski,frydzynskiai@ifeng.com
380,Sayer Kauscher,skauscheraj@bloglines.com
381,Lothario Boffey,lboffeyak@opera.com
382,Eugenius Enser,eenseral@topsy.com
383,Lanny Patrickson,lpatricksonam@technorati.com
384,Melvin Tesimon,mtesimonan@china.com.cn
385,Benedicta Dohr,bdohrao@yahoo.com
386,Hermine Bodley,hbodleyap@blogger.com
387,Licha O'Neal,lonealaq@pen.io
388,Artemis Banham,abanhamar@oaic.gov.au
389,Jessie Coare,jcoareas@cdbaby.com
390,Deedee Marlow,dmarlowat@goodreads.com
391,Minnnie Legh,mleghau@constantcontact.com
392,Lindi Libero,lliberoav@hc360.com
393,Addy Leftwich,aleftwichaw@phoca.cz
394,Opaline Meardon,omeardonax@cocolog-nifty.com
395,Amelia Potbury,apotburyay@uol.com.br
396,Hermina Louca,hloucaaz@pagesperso-orange.fr
397,Mikel Lainge,mlaingeb0@ftc.gov
398,Ciel Boyat,cboyatb1@google.co.jp
399,Em Fieldsend,efieldsendb2@taobao.com
400,Shellysheldon Gerhold,sgerholdb3@hostgator.com
401,Hoyt Bettles,hbettlesb4@paypal.com
402,Ainslie Burnhill,aburnhillb5@liveinternet.ru
403,Emlynn Grafham,egrafhamb6@npr.org
404,Abagail Mogg,amoggb7@weather.com
405,Marsiella Scroggs,mscroggsb8@51.la
406,Buckie Spaduzza,bspaduzzab9@issuu.com
407,Pia Petrushka,ppetrushkaba@cdbaby.com
408,Lyell Feltham,lfelthambb@google.ca
409,Miguel O'Hengerty,mohengertybc@last.fm
410,Agnese Pumphreys,apumphreysbd@dmoz.org
411,Allen Strawbridge,astrawbridgebe@cisco.com
412,Valencia Monument,vmonumentbf@globo.com
413,Reta Deppen,rdeppenbg@cam.ac.uk
414,Barbee Garey,bgareybh@addthis.com
415,Dorree Blade,dbladebi@accuweather.com
416,Lonee Dashkov,ldashkovbj@is.gd
417,Mahmud MacGee,mmacgeebk@rambler.ru
418,Lydon Ashling,lashlingbl@alexa.com
419,Murvyn Tallon,mtallonbm@friendfeed.com
420,Elysia Keller,ekellerbn@google.com.br
421,Salmon Glendining,sglendiningbo@acquirethisname.com
422,Wheeler Kewish,wkewishbp@biglobe.ne.jp
423,Ariadne Dayment,adaymentbq@google.pl
424,Phoebe Durn,pdurnbr@seesaa.net
425,Libbi Bitten,lbittenbs@sciencedaily.com
426,Florie Diperaus,fdiperausbt@posterous.com
427,Leanor Cheatle,lcheatlebu@meetup.com
428,Gerhardt Collough,gcolloughbv@geocities.com
429,Alaine Troth,atrothbw@vistaprint.com
430,Bernie Dubery,bduberybx@hp.com
431,Merrily Cesaric,mcesaricby@va.gov
432,Linnea Laundon,llaundonbz@tripadvisor.com
433,Helen-elizabeth Ambrus,hambrusc0@123-reg.co.uk
434,Riccardo Hallybone,rhallybonec1@1und1.de
435,Claudell Ilbert,cilbertc2@bluehost.com
436,Trever Spellicy,tspellicyc3@bloomberg.com
437,Bert Delleschi,bdelleschic4@deviantart.com
438,Felipe Clelle,fclellec5@tinypic.com
439,Alica Meachan,ameachanc6@zimbio.com
440,Claus Lockyear,clockyearc7@sourceforge.net
441,Bronnie Jeays,bjeaysc8@infoseek.co.jp
442,Teressa Meegan,tmeeganc9@examiner.com
443,Norry Wollacott,nwollacottca@epa.gov
444,Cynthy Lujan,clujancb@e-recht24.de
445,Dawna Pentelo,dpentelocc@digg.com
446,Demetris Pering,dperingcd@creativecommons.org
447,Kris McAreavey,kmcareaveyce@oracle.com
448,Madison Dand,mdandcf@phpbb.com
449,Maxy Wohler,mwohlercg@blogspot.com
450,Walsh Mathes,wmathesch@cnet.com
451,Gwendolyn Ragate,gragateci@histats.com
452,Jennine Arlott,jarlottcj@yelp.com
453,Hebert Bascombe,hbascombeck@un.org
454,Earle Havik,ehavikcl@slate.com
455,Bethena Pettingall,bpettingallcm@google.cn
456,Prissie Spurriar,pspurriarcn@nasa.gov
457,Ruthanne Yeldham,ryeldhamco@addthis.com
458,Suzanna Edland,sedlandcp@dagondesign.com
459,Clem Gaffer,cgaffercq@discovery.com
460,Kermie Blitz,kblitzcr@vk.com
461,Ketti Scargill,kscargillcs@nba.com
462,Berkley Tomczykiewicz,btomczykiewiczct@google.fr
463,Tybalt Andino,tandinocu@last.fm
464,Barret Reap,breapcv@slideshare.net
465,Uriah Ramble,uramblecw@wufoo.com
466,Cortney Blowin,cblowincx@php.net
467,Hermine Crookshanks,hcrookshankscy@nationalgeographic.com
468,Stafani Kinsey,skinseycz@miibeian.gov.cn
469,Aloin Groundwater,agroundwaterd0@parallels.com
470,Benjie Lorand,blorandd1@google.ru
471,Constantia Wyatt,cwyattd2@mit.edu
472,Hilarius Trudgeon,htrudgeond3@mlb.com
473,Maddie Perrot,mperrotd4@free.fr
474,Brooke Frascone,bfrasconed5@engadget.com
475,Rebecca Willoughby,rwilloughbyd6@cisco.com
476,Marcie Leonida,mleonidad7@walmart.com
477,Ophelie Danovich,odanovichd8@photobucket.com
478,Glori Scawen,gscawend9@mapquest.com
479,Mayne Gairdner,mgairdnerda@intel.com
480,Samara Durber,sdurberdb@amazon.co.uk
481,Miguel Gason,mgasondc@chron.com
482,Victoir Rolance,vrolancedd@merriam-webster.com
483,Alfonso Riedel,ariedelde@wsj.com
484,Carree Littledyke,clittledykedf@twitter.com
485,Bryan Zecchetti,bzecchettidg@ask.com
486,Olivero Sennett,osennettdh@bloglovin.com
487,Arturo De Mattia,adedi@nih.gov
488,Brett Gateman,bgatemandj@uol.com.br
489,Tiphany de Broke,tdedk@1und1.de
490,Zebadiah Rase,zrasedl@merriam-webster.com
491,Ketty Rao,kraodm@google.com.hk
492,Sascha Kensitt,skensittdn@ycombinator.com
493,Jim Larrat,jlarratdo@uol.com.br
494,Wendi Surtees,wsurteesdp@surveymonkey.com
495,Gloria Northley,gnorthleydq@smugmug.com
496,Korney Geram,kgeramdr@reddit.com
497,Devonna Grestye,dgrestyeds@technorati.com
498,Coleen Livingstone,clivingstonedt@ucoz.ru
499,Courtney Shenley,cshenleydu@drupal.org
500,Carree Izakson,cizaksondv@blog.com
501,Shandee Cissell,scisselldw@mit.edu
502,Charmain Guion,cguiondx@reuters.com
503,Fancie Penley,fpenleydy@mapy.cz
504,Ginni Croome,gcroomedz@abc.net.au
505,Philbert Egarr,pegarre0@tinypic.com
506,Lyn Duckerin,lduckerine1@canalblog.com
507,Robinette Broske,rbroskee2@army.mil
508,Elbertine Esley,eesleye3@amazon.co.jp
509,Christy Bogie,cbogiee4@desdev.cn
510,Elias Ebenezer,eebenezere5@free.fr
511,Dell Crossfield,dcrossfielde6@shop-pro.jp
512,Rudolf MacGhee,rmacgheee7@a8.net
513,Ysabel Durgan,ydurgane8@dmoz.org
514,Trenton Alton,taltone9@domainmarket.com
515,Brana Skuse,bskuseea@vimeo.com
516,Batsheva Bletso,bbletsoeb@biblegateway.com
517,Tadd Pentony,tpentonyec@eepurl.com
518,Lorettalorna Aimable,laimableed@paginegialle.it
519,Cathi Davern,cdavernee@ebay.co.uk
520,Ainsley Heinish,aheinishef@purevolume.com
521,Karyl Mockler,kmocklereg@plala.or.jp
522,Henka Rainard,hrainardeh@hugedomains.com
523,Marney Whooley,mwhooleyei@stumbleupon.com
524,Therine Serjent,tserjentej@columbia.edu
525,Shanan Maciunas,smaciunasek@naver.com
526,Nevile McAirt,nmcairtel@dropbox.com
527,Cordi Devaney,cdevaneyem@prnewswire.com
528,Thorpe Fey,tfeyen@forbes.com
529,Manuel Szwarc,mszwarceo@blogs.com
530,Christian Yglesia,cyglesiaep@stanford.edu
531,Calhoun Colum,ccolumeq@mapy.cz
532,Dugald Carillo,dcarilloer@hibu.com
533,Wallache Pamphilon,wpamphilones@sakura.ne.jp
534,Allegra Jarrell,ajarrellet@ocn.ne.jp
535,Archibaldo Tompkinson,atompkinsoneu@oakley.com
536,Jessamyn Hacking,jhackingev@is.gd
537,Consuelo Krzysztof,ckrzysztofew@salon.com
538,Royce Paxman,rpaxmanex@ovh.net
539,Demetra Humbatch,dhumbatchey@goo.ne.jp
540,Bernetta Pinchen,bpinchenez@csmonitor.com
541,Arlene Corris,acorrisf0@businesswire.com
542,Gunther Spaldin,gspaldinf1@csmonitor.com
543,Kathrine Orwell,korwellf2@bbb.org
544,Tamqrah Tal,ttalf3@mapy.cz
545,Katharine Bayless,kbaylessf4@dion.ne.jp
546,Waite Giorgione,wgiorgionef5@ycombinator.com
547,Josephina Bertolin,jbertolinf6@behance.net
548,Sophey Smallridge,ssmallridgef7@dell.com
549,Margaretha Schoffler,mschofflerf8@etsy.com
550,Geri Scaysbrook,gscaysbrookf9@google.es
551,Ruthanne Cramer,rcramerfa@dedecms.com
552,Elsinore Anwell,eanwellfb@globo.com
553,Goldi Savill,gsavillfc@php.net
554,Norry O'Shee,nosheefd@e-recht24.de
555,Marlene Livoir,mlivoirfe@ebay.co.uk
556,Skye Sowersby,ssowersbyff@wordpress.org
557,Fern McLeary,fmclearyfg@mozilla.org
558,Sinclair Sexton,ssextonfh@indiatimes.com
559,Auberta MacLese,amaclesefi@clickbank.net
560,Enrica Ricart,ericartfj@blinklist.com
561,Virgilio Harrow,vharrowfk@bloglovin.com
562,Biddy Brixey,bbrixeyfl@pagesperso-orange.fr
563,Aldrich Rembrant,arembrantfm@sogou.com
564,Melony Carnow,mcarnowfn@biglobe.ne.jp
565,Donny Freshwater,dfreshwaterfo@deliciousdays.com
566,Merry Norman,mnormanfp@behance.net
567,Mathew Bispo,mbispofq@washington.edu
568,Malchy Janacek,mjanacekfr@stanford.edu
569,Cristiano Manley,cmanleyfs@bloglines.com
570,Field Forsdyke,fforsdykeft@phoca.cz
571,Madelon Newbold,mnewboldfu@cloudflare.com
572,Gabey Gutsell,ggutsellfv@mapquest.com
573,Tim Cadany,tcadanyfw@desdev.cn
574,Upton Kobpac,ukobpacfx@rakuten.co.jp
575,Bobina Giovannazzi,bgiovannazzify@hp.com
576,Kailey Drinkall,kdrinkallfz@i2i.jp
577,Carroll Simak,csimakg0@github.io
578,Aviva Gillitt,agillittg1@myspace.com
579,Ignatius Prosh,iproshg2@admin.ch
580,Garry Hanster,ghansterg3@auda.org.au
581,Brittani Nafziger,bnafzigerg4@yandex.ru
582,Tiffy Colnett,tcolnettg5@meetup.com
583,Nigel Longstaffe,nlongstaffeg6@g.co
584,Reilly Yedy,ryedyg7@walmart.com
585,Solly Graben,sgrabeng8@people.com.cn
586,Eldridge Downing,edowningg9@hubpages.com
587,Barrie Nelthorpe,bnelthorpega@mysql.com
588,Tamma Readwood,treadwoodgb@usatoday.com
589,Ashely Kilfoyle,akilfoylegc@ovh.net
590,Tamqrah McGlaughn,tmcglaughngd@hao123.com
591,Daune Nosworthy,dnosworthyge@elegantthemes.com
592,Valry Andreia,vandreiagf@cnbc.com
593,Marilee Pinar,mpinargg@google.co.jp
594,Rudolfo Taree,rtareegh@usnews.com
595,Sampson Lane,slanegi@house.gov
596,Hamilton Yurocjkin,hyurocjkingj@wikispaces.com
597,Douglass Rhyme,drhymegk@1688.com
598,Agnella Peto,apetogl@omniture.com
599,Stacee Forrestall,sforrestallgm@dell.com
600,Damien Canero,dcanerogn@slashdot.org
601,Si Vollam,svollamgo@mashable.com
602,Dorita Coie,dcoiegp@yellowpages.com
603,Shaylyn Mounch,smounchgq@artisteer.com
604,Yard McGilvra,ymcgilvragr@moonfruit.com
605,Violante Rubenfeld,vrubenfeldgs@usgs.gov
606,Maggee Donat,mdonatgt@tripadvisor.com
607,Richmond Anster,ranstergu@typepad.com
608,Dara Allan,dallangv@toplist.cz
609,Clovis Colaco,ccolacogw@diigo.com
610,Jaymee Hasling,jhaslinggx@canalblog.com
611,Rinaldo Bestiman,rbestimangy@hc360.com
612,Magdaia Galvan,mgalvangz@census.gov
613,Griz Merrigans,gmerrigansh0@blogs.com
614,Daisy Pesselt,dpesselth1@twitpic.com
615,Enrique Egell,eegellh2@illinois.edu
616,Ginger Need,gneedh3@icio.us
617,Shirl Denacamp,sdenacamph4@g.co
618,Chrisy Brislane,cbrislaneh5@smugmug.com
619,Briant Slaughter,bslaughterh6@mysql.com
620,Annnora Gocke,agockeh7@hubpages.com
621,Angeli Mullin,amullinh8@wired.com
622,Sofie Stow,sstowh9@toplist.cz
623,Claudia Prosser,cprosserha@cloudflare.com
624,Kent Garment,kgarmenthb@bigcartel.com
625,Nichole Del Checolo,ndelhc@nps.gov
626,Randy Donlon,rdonlonhd@thetimes.co.uk
627,Corrina Biscomb,cbiscombhe@dyndns.org
628,Christoffer Poutress,cpoutresshf@usnews.com
629,Diarmid Ulyat,dulyathg@webmd.com
630,Prue Ruddle,pruddlehh@gov.uk
631,Gretna Gerge,ggergehi@dedecms.com
632,Jody Innman,jinnmanhj@woothemes.com
633,Margareta Sowle,msowlehk@indiegogo.com
634,Pace Archbell,parchbellhl@ebay.co.uk
635,Sheilakathryn Dellenbrook,sdellenbrookhm@army.mil
636,Der McLukie,dmclukiehn@phoca.cz
637,Cherish Simonot,csimonotho@spotify.com
638,Brandi Belloch,bbellochhp@jiathis.com
639,Kain Knoton,kknotonhq@twitpic.com
640,Elberta Alessandrucci,ealessandruccihr@harvard.edu
641,Chic Lumby,clumbyhs@163.com
642,Winni Arons,waronsht@japanpost.jp
643,Hunter Campione,hcampionehu@vinaora.com
644,Renie Fealty,rfealtyhv@europa.eu
645,Marylynne Cortin,mcortinhw@list-manage.com
646,Stefania Brennen,sbrennenhx@cdc.gov
647,Mathias Pridden,mpriddenhy@nasa.gov
648,Farand Eckersley,feckersleyhz@thetimes.co.uk
649,Viki Tilson,vtilsoni0@bloglovin.com
650,Karlee O'Kuddyhy,kokuddyhyi1@bloglovin.com
651,Jehu Duchart,jducharti2@com.com
652,Miriam Dionsetti,mdionsettii3@dmoz.org
653,Gaultiero Ivanchin,givanchini4@simplemachines.org
654,Harli Nutton,hnuttoni5@woothemes.com
655,Thelma Crammy,tcrammyi6@slideshare.net
656,Durward Creer,dcreeri7@blogspot.com
657,Maren Pitkin,mpitkini8@nps.gov
658,Lydie Braidman,lbraidmani9@arstechnica.com
659,Jermain Baseley,jbaseleyia@vinaora.com
660,Drugi Gealle,dgealleib@godaddy.com
661,Janos Jerman,jjermanic@livejournal.com
662,Sabina Jakubowsky,sjakubowskyid@storify.com
663,Reggy Coverly,rcoverlyie@google.es
664,Caroljean Vannoni,cvannoniif@reference.com
665,Cary Jerrim,cjerrimig@de.vu
666,Mari Klimashevich,mklimashevichih@etsy.com
667,Pepito Anger,pangerii@loc.gov
668,Celia Loren,clorenij@nhs.uk
669,Isidora Leyes,ileyesik@hhs.gov
670,Verna Greest,vgreestil@indiegogo.com
671,Martynne Cowland,mcowlandim@macromedia.com
672,Trueman Dawtry,tdawtryin@go.com
673,Courtenay Lawrenson,clawrensonio@aol.com
674,Rey Doole,rdooleip@dion.ne.jp
675,Gerda Durno,gdurnoiq@google.es
676,Ivonne Gorrick,igorrickir@wordpress.com
677,Ali Theurer,atheureris@acquirethisname.com
678,Barde Lambie,blambieit@nih.gov
679,Bari Cholerton,bcholertoniu@nationalgeographic.com
680,Ralina Goulborn,rgoulborniv@loc.gov
681,Gerick Winkle,gwinkleiw@si.edu
682,Kiele Feechan,kfeechanix@fc2.com
683,Hilde Jayne,hjayneiy@jalbum.net
684,Grover Garton,ggartoniz@craigslist.org
685,Pansy Bourthoumieux,pbourthoumieuxj0@oakley.com
686,Larisa Tuohy,ltuohyj1@creativecommons.org
687,Corabelle Stitcher,cstitcherj2@example.com
688,Frankie Rossbrooke,frossbrookej3@jalbum.net
689,Paulita Meconi,pmeconij4@apple.com
690,Georgianne Elsmere,gelsmerej5@purevolume.com
691,Cameron McGraith,cmcgraithj6@merriam-webster.com
692,Arabel Kisbey,akisbeyj7@yahoo.co.jp
693,Enid Labbati,elabbatij8@google.co.jp
694,Anne Maleby,amalebyj9@icq.com
695,Valentin Catchpole,vcatchpoleja@wikia.com
696,Gill Gabits,ggabitsjb@parallels.com
697,Diana Boobier,dboobierjc@pcworld.com
698,Karole Fleote,kfleotejd@gmpg.org
699,Addy Jeste,ajesteje@goo.ne.jp
700,Arabelle Maybery,amayberyjf@lulu.com
701,Michel Daout,mdaoutjg@vinaora.com
702,Ruthe Zink,rzinkjh@cbslocal.com
703,Flemming Girling,fgirlingji@prnewswire.com
704,Jayme Rochford,jrochfordjj@tiny.cc
705,Caryn Petken,cpetkenjk@scientificamerican.com
706,Kassandra Peller,kpellerjl@issuu.com
707,Clementine Trudgion,ctrudgionjm@ocn.ne.jp
708,Jesse Parradye,jparradyejn@hexun.com
709,Emmi Lorman,elormanjo@ask.com
710,Siffre Pollington,spollingtonjp@360.cn
711,Porter Ferber,pferberjq@time.com
712,Daron Hampson,dhampsonjr@archive.org
713,Stanly Blemings,sblemingsjs@google.it
714,Chevy Cromblehome,ccromblehomejt@i2i.jp
715,Feodor Mateescu,fmateescuju@stanford.edu
716,Moritz Durrance,mdurrancejv@yellowpages.com
717,Sebastiano Galer,sgalerjw@columbia.edu
718,Corrianne Janaway,cjanawayjx@tinypic.com
719,Phebe Syres,psyresjy@tinypic.com
720,Kalinda Fawks,kfawksjz@behance.net
721,Lezlie Cordelette,lcordelettek0@samsung.com
722,Durand Scally,dscallyk1@adobe.com
723,Zolly Bolte,zboltek2@netscape.com
724,Kelley Banat,kbanatk3@nature.com
725,Rhonda Tyer,rtyerk4@webmd.com
726,Anjanette Leighfield,aleighfieldk5@mail.ru
727,Latrina Spinetti,lspinettik6@deviantart.com
728,Nelia Smallcombe,nsmallcombek7@tamu.edu
729,Mendel Luna,mlunak8@scientificamerican.com
730,Leonerd Foard,lfoardk9@ebay.co.uk
731,Hagan Wilstead,hwilsteadka@hostgator.com
732,Candis Rounding,croundingkb@rambler.ru
733,Lionel Dulin,ldulinkc@1und1.de
734,Jeffrey Nibley,jnibleykd@cisco.com
735,Lara Matthewes,lmattheweske@bloomberg.com
736,Arnoldo Callis,acalliskf@webeden.co.uk
737,Ernesto Tarbatt,etarbattkg@goodreads.com
738,Rockey Ilyinski,rilyinskikh@uol.com.br
739,Stanley Raddenbury,sraddenburyki@businessweek.com
740,Wyatan Caswell,wcaswellkj@sphinn.com
741,Lucila McGlade,lmcgladekk@redcross.org
742,Kora Laytham,klaythamkl@dion.ne.jp
743,Hilary Ainsworth,hainsworthkm@tripadvisor.com
744,Annora D'Ambrosi,adambrosikn@webnode.com
745,Dyane Luesley,dluesleyko@google.com.au
746,Tobi MacGinley,tmacginleykp@ebay.co.uk
747,Parker Yellowley,pyellowleykq@skyrock.com
748,Meir MacGregor,mmacgregorkr@census.gov
749,Carmencita Gratton,cgrattonks@wikia.com
750,Ciro Whyatt,cwhyattkt@etsy.com
751,Candace Spearett,cspearettku@squidoo.com
752,Adrienne Fulton,afultonkv@yahoo.co.jp
753,Rutherford Haughan,rhaughankw@ezinearticles.com
754,Sheila-kathryn Purselowe,spurselowekx@amazon.de
755,Hermia Pavy,hpavyky@hubpages.com
756,Man Roughsedge,mroughsedgekz@is.gd
757,Chrysler Gaiger,cgaigerl0@whitehouse.gov
758,Ranna Blackly,rblacklyl1@mit.edu
759,Nappy Jakucewicz,njakucewiczl2@naver.com
760,Valera Simpole,vsimpolel3@mashable.com
761,Fulton Dyshart,fdyshartl4@cdbaby.com
762,Artie Touzey,atouzeyl5@ibm.com
763,Launce Tomaszewicz,ltomaszewiczl6@pbs.org
764,Isabeau McCulley,imcculleyl7@163.com
765,Andree Pinfold,apinfoldl8@ezinearticles.com
766,Ginni Artus,gartusl9@devhub.com
767,Horton Steljes,hsteljesla@disqus.com
768,Haleigh Grimwade,hgrimwadelb@shareasale.com
769,Hedwiga Lehrmann,hlehrmannlc@dell.com
770,Gearalt Gwillim,ggwillimld@gnu.org
771,Silvie Eckh,seckhle@columbia.edu
772,Lanita Gatcliff,lgatclifflf@businessinsider.com
773,Scottie Dwyer,sdwyerlg@google.com.au
774,Annamarie Burtwhistle,aburtwhistlelh@goodreads.com
775,Cirilo Carr,ccarrli@dailymotion.com
776,Gates Mottershaw,gmottershawlj@dropbox.com
777,Darcie Klimek,dklimeklk@example.com
778,Batsheva Ungaretti,bungarettill@sciencedirect.com
779,Gianna MacGuffie,gmacguffielm@icq.com
780,Enrica Stygall,estygallln@arstechnica.com
781,Margret King,mkinglo@spiegel.de
782,Quent Fernley,qfernleylp@fda.gov
783,Caleb Rumgay,crumgaylq@google.co.uk
784,Rafaela Jellard,rjellardlr@illinois.edu
785,Lara Swyer,lswyerls@parallels.com
786,Hernando Vevers,hveverslt@bloglines.com
787,Catlaina Rowatt,crowattlu@miitbeian.gov.cn
788,Xenos Pregal,xpregallv@linkedin.com
789,Xymenes Wandrey,xwandreylw@taobao.com
790,Jacquelin Kingsnode,jkingsnodelx@delicious.com
791,Leah Niblett,lniblettly@nydailynews.com
792,Nat Guys,nguyslz@earthlink.net
793,Gordon Stranger,gstrangerm0@jalbum.net
794,Dru Zannini,dzanninim1@squarespace.com
795,Maisey Devanney,mdevanneym2@huffingtonpost.com
796,Leoine Driutti,ldriuttim3@instagram.com
797,Gustie Dillinger,gdillingerm4@goodreads.com
798,Culver Bubbins,cbubbinsm5@hexun.com
799,Alex Wenderoth,awenderothm6@123-reg.co.uk
800,Arlyn Axelbee,aaxelbeem7@state.tx.us
801,Kristen Nunnerley,knunnerleym8@shutterfly.com
802,Jammie Aleksic,jaleksicm9@nydailynews.com
803,Oswell Clerc,oclercma@google.cn
804,Ashlan Yarrow,ayarrowmb@mac.com
805,Harriett Uden,hudenmc@discuz.net
806,Lauree Orrell,lorrellmd@slate.com
807,Randee Dowdall,rdowdallme@thetimes.co.uk
808,Fonzie Flucks,fflucksmf@reuters.com
809,Galven De la Eglise,gdemg@linkedin.com
810,Chery Guslon,cguslonmh@fda.gov
811,Lindsay Mableson,lmablesonmi@washingtonpost.com
812,Graehme Ensten,genstenmj@spiegel.de
813,Cristine Clissold,cclissoldmk@psu.edu
814,Yves Life,ylifeml@cyberchimps.com
815,Marcy Reith,mreithmm@usnews.com
816,Aubert Hissett,ahissettmn@vk.com
817,Marne Simper,msimpermo@bloomberg.com
818,Olivia Windibank,owindibankmp@yellowbook.com
819,Thibaud Arderne,tardernemq@seesaa.net
820,Donella Farebrother,dfarebrothermr@time.com
821,Elwyn Kilday,ekildayms@flavors.me
822,Matilde Succamore,msuccamoremt@infoseek.co.jp
823,Felipa Row,frowmu@telegraph.co.uk
824,Noellyn Mitchenson,nmitchensonmv@nymag.com
825,Lissi Pargetter,lpargettermw@trellian.com
826,Edita Jonk,ejonkmx@jugem.jp
827,Silvanus Hetterich,shetterichmy@skyrock.com
828,Cherice Feighney,cfeighneymz@alibaba.com
829,Joey Quakley,jquakleyn0@youtu.be
830,Neville Wreford,nwrefordn1@amazonaws.com
831,Nancee Cretney,ncretneyn2@last.fm
832,Farley Calan,fcalann3@desdev.cn
833,Tilda Siggee,tsiggeen4@ask.com
834,Petunia Scurrah,pscurrahn5@gmpg.org
835,Filip Wadelin,fwadelinn6@dailymail.co.uk
836,Astrid Ruseworth,aruseworthn7@columbia.edu
837,Rosalind Nowakowski,rnowakowskin8@europa.eu
838,Winona Humbatch,whumbatchn9@trellian.com
839,Cesare Cotty,ccottyna@vkontakte.ru
840,Brigitte Sotham,bsothamnb@networkadvertising.org
841,Warde Pozzi,wpozzinc@vimeo.com
842,Emmy Turgoose,eturgoosend@usda.gov
843,Jori Rhys,jrhysne@123-reg.co.uk
844,Prent Vereker,pverekernf@mapquest.com
845,Meghan Montacute,mmontacuteng@parallels.com
846,Aila Drugan,adrugannh@last.fm
847,Herby Alban,halbanni@amazon.co.uk
848,Wat Bullerwell,wbullerwellnj@home.pl
849,Amalie Wreath,awreathnk@wufoo.com
850,Sarena Illwell,sillwellnl@chronoengine.com
851,Xenos Legg,xleggnm@prweb.com
852,Anatol Grimmolby,agrimmolbynn@wired.com
853,Melvyn Jobey,mjobeyno@diigo.com
854,Rozanna Caselick,rcaselicknp@gizmodo.com
855,Chance Collick,ccollicknq@devhub.com
856,Ellwood Dagnan,edagnannr@reference.com
857,Tabbitha Dreossi,tdreossins@trellian.com
858,Georgeta O'Boyle,goboylent@angelfire.com
859,Leonardo Greenmon,lgreenmonnu@ameblo.jp
860,Tades Ivamy,tivamynv@over-blog.com
861,Kin Oddey,koddeynw@dion.ne.jp
862,Tadd Coaker,tcoakernx@nih.gov
863,Alison Schimon,aschimonny@google.cn
864,Gareth Pethrick,gpethricknz@businessinsider.com
865,Dode Lisciardelli,dlisciardellio0@surveymonkey.com
866,Irita Aldis,ialdiso1@posterous.com
867,Yalonda Truckell,ytruckello2@furl.net
868,Kristy Piniur,kpiniuro3@sciencedirect.com
869,Yvonne Rigmand,yrigmando4@usda.gov
870,Brittani Bartocci,bbartoccio5@usgs.gov
871,Camey Charer,ccharero6@hp.com
872,Carter Cracker,ccrackero7@quantcast.com
873,Onofredo Blunn,oblunno8@ed.gov
874,Emmerich Petett,epetetto9@irs.gov
875,Percival Hofton,phoftonoa@bravesites.com
876,Sonnie Bustard,sbustardob@google.com
877,Kate Borrel,kborreloc@gov.uk
878,Miner Noury,mnouryod@hud.gov
879,Charla Rumford,crumfordoe@miitbeian.gov.cn
880,Joline Ronchi,jronchiof@google.ca
881,Loraine Konmann,lkonmannog@uol.com.br
882,Sara-ann Charlewood,scharlewoodoh@kickstarter.com
883,Gussy Prendergast,gprendergastoi@google.pl
884,Idalina Luff,iluffoj@domainmarket.com
885,Constantin Raynor,craynorok@blogger.com
886,Delcina Gorgler,dgorglerol@gnu.org
887,Rourke Blamey,rblameyom@gravatar.com
888,Arlee Giacomelli,agiacomellion@sciencedaily.com
889,Fiona Baselio,fbaseliooo@altervista.org
890,Maegan McQuode,mmcquodeop@answers.com
891,Justus Sowten,jsowtenoq@kickstarter.com
892,Melly Harmour,mharmouror@blogs.com
893,Georgine Deetlof,gdeetlofos@themeforest.net
894,Arabella Winterbourne,awinterbourneot@constantcontact.com
895,Mildrid Canland,mcanlandou@sun.com
896,Ursula Izacenko,uizacenkoov@studiopress.com
897,Kelbee Fletham,kflethamow@1688.com
898,Edvard Bathurst,ebathurstox@intel.com
899,Min Shellard,mshellardoy@goodreads.com
900,Dore Eisold,deisoldoz@trellian.com
901,Dorrie Bernolet,dbernoletp0@bigcartel.com
902,Maurine Mellanby,mmellanbyp1@globo.com
903,Kessiah Keysall,kkeysallp2@marriott.com
904,Glenna Melross,gmelrossp3@twitpic.com
905,Johann Catley,jcatleyp4@ebay.co.uk
906,Terry Swapp,tswappp5@craigslist.org
907,Birgit Nunson,bnunsonp6@hostgator.com
908,Austina McFfaden,amcffadenp7@usda.gov
909,Horst Byham,hbyhamp8@cbslocal.com
910,Latisha Cool,lcoolp9@skype.com
911,Chloe Birtwell,cbirtwellpa@sina.com.cn
912,Isabelita McComiskey,imccomiskeypb@amazon.com
913,Vergil Buzine,vbuzinepc@bbb.org
914,Francis Surfleet,fsurfleetpd@whitehouse.gov
915,Brigida Kenrick,bkenrickpe@mayoclinic.com
916,Rosana Coxhell,rcoxhellpf@nps.gov
917,Traci Heinschke,theinschkepg@nature.com
918,Lannie Knifton,lkniftonph@toplist.cz
919,Hillary Adair,hadairpi@gravatar.com
920,Anne-marie Kennelly,akennellypj@sina.com.cn
921,Ogdan Rymill,orymillpk@weather.com
922,Garret Woollam,gwoollampl@dyndns.org
923,Steffi Huonic,shuonicpm@fema.gov
924,Viole O'Loughane,voloughanepn@google.pl
925,Laurence Langer,llangerpo@dedecms.com
926,Othello Quest,oquestpp@live.com
927,Vinny Beal,vbealpq@oracle.com
928,John Ierland,jierlandpr@php.net
929,Marietta Sieve,msieveps@myspace.com
930,Ingmar Revens,irevenspt@wp.com
931,Sherri Tremblett,stremblettpu@comsenz.com
932,Pace Hatliffe,phatliffepv@sciencedaily.com
933,Morna Redmayne,mredmaynepw@unblog.fr
934,Bevan Dougary,bdougarypx@amazon.com
935,Juliana McGibbon,jmcgibbonpy@wiley.com
936,Elsa Fewtrell,efewtrellpz@bizjournals.com
937,Haleigh Alldritt,halldrittq0@scribd.com
938,Iona Dowers,idowersq1@shinystat.com
939,Philipa Greener,pgreenerq2@parallels.com
940,Virgina Allsworth,vallsworthq3@xrea.com
941,Franny Hefferan,fhefferanq4@gravatar.com
942,Davis Gopsall,dgopsallq5@mashable.com
943,Lacy Iveagh,liveaghq6@netlog.com
944,Northrup Malcolm,nmalcolmq7@sun.com
945,Thorpe Pabel,tpabelq8@elpais.com
946,Vonni Randleson,vrandlesonq9@scientificamerican.com
947,Blaine Coxwell,bcoxwellqa@harvard.edu
948,Inger Sprade,ispradeqb@qq.com
949,Collin Rounsivall,crounsivallqc@elegantthemes.com
950,Lora McCory,lmccoryqd@multiply.com
951,Alexandra Rodolico,arodolicoqe@webeden.co.uk
952,Carson Linthead,clintheadqf@sfgate.com
953,Stafford Redford,sredfordqg@jiathis.com
954,La verne Littledyke,lverneqh@opensource.org
955,Keriann Lines,klinesqi@reuters.com
956,Dermot Pepperd,dpepperdqj@answers.com
957,Toinette Stanier,tstanierqk@fema.gov
958,Marcus Sikorsky,msikorskyql@google.ca
959,Derry Fossord,dfossordqm@github.io
960,Collette Heinsius,cheinsiusqn@java.com
961,Pegeen Gillow,pgillowqo@kickstarter.com
962,Jo-ann Thouless,jthoulessqp@ustream.tv
963,Maia Bradly,mbradlyqq@java.com
964,Poppy MacAlees,pmacaleesqr@ibm.com
965,Sterne Glennie,sglennieqs@dyndns.org
966,Dorette Fluit,dfluitqt@slate.com
967,Corrie Oldroyde,coldroydequ@rediff.com
968,Philomena Garred,pgarredqv@whitehouse.gov
969,Janis Catt,jcattqw@163.com
970,Lilias Billion,lbillionqx@npr.org
971,Schuyler Vinden,svindenqy@auda.org.au
972,Shaina Kyffin,skyffinqz@statcounter.com
973,Carmella Rathke,crathker0@geocities.jp
974,Trudi Buckner,tbucknerr1@fema.gov
975,Reinaldos Kears,rkearsr2@simplemachines.org
976,Starlin Holston,sholstonr3@google.nl
977,Samuele Grabeham,sgrabehamr4@wsj.com
978,Normy Astridge,nastridger5@dedecms.com
979,Miguela Nassau,mnassaur6@163.com
980,Stanford Hathorn,shathornr7@ow.ly
981,Merlina Bohlin,mbohlinr8@cdbaby.com
982,Ingmar Mitchelson,imitchelsonr9@about.com
983,Pansie Robelin,probelinra@mayoclinic.com
984,Elva Medgwick,emedgwickrb@google.com.au
985,Lance Wilderspoon,lwilderspoonrc@indiegogo.com
986,Stanleigh Jaeggi,sjaeggird@printfriendly.com
987,Padriac Moncrieffe,pmoncrieffere@miitbeian.gov.cn
988,Jareb McMurraya,jmcmurrayarf@sfgate.com
989,Dody Dumblton,ddumbltonrg@lulu.com
990,Jess Sirmon,jsirmonrh@mail.ru
991,Allx Fluin,afluinri@dell.com
992,Reider Hamshaw,rhamshawrj@google.com.hk
993,Elsinore Danilyak,edanilyakrk@youku.com
994,Lionello Locock,llocockrl@plala.or.jp
995,Camala Capes,ccapesrm@google.com.br
996,Whitney Adamthwaite,wadamthwaitern@who.int
997,Theodor Haburne,thaburnero@indiegogo.com
998,Sunshine Pavey,spaveyrp@telegraph.co.uk
999,Ronalda Watkiss,rwatkissrq@freewebs.com
1000,Charis Scothorn,cscothornrr@bing.com
